{
  "project_info": {
    "project_number": "35719763780",
    "project_id": "comunicatsprodis",
    "storage_bucket": "comunicatsprodis.appspot.com"
  },
  "client": [
    {
      "client_info": {
        "mobilesdk_app_id": "1:35719763780:android:cb2cc3632be77f61b9e911",
        "android_client_info": {
          "package_name": "cat.copernic.comunicatsprodis"
        }
      },
      "oauth_client": [
        {
          "client_id": "35719763780-436n4ljmjemr10bjfi6v8ggnhhunurrn.apps.googleusercontent.com",
          "client_type": 3
        }
      ],
      "api_key": [
        {
          "current_key": "AIzaSyA5oYk-7Yme-59_jp1r0FgSP6qB4Pc5NzA"
        }
      ],
      "services": {
        "appinvite_service": {
          "other_platform_oauth_client": [
            {
              "client_id": "35719763780-436n4ljmjemr10bjfi6v8ggnhhunurrn.apps.googleusercontent.com",
              "client_type": 3
            }
          ]
        }
      }
    }
  ],
  "configuration_version": "1"
}